Pair,Metric,Accuracy,sex: CBT,sex: CBD,race: CBT,race: CBD
P1/P1,GT Train,1.0,0.00,0.00,0.00,0.00
P1/P1,GT Test,1.0,0.00,0.00,0.00,0.00
P1/P2,GT Train,0.8641205507924137,2.44,0.08,3.22,0.14
P1/P2,GT Test,0.8728070175438596,1.67,0.06,4.86,0.24
P1/P3,GT Train,0.7983891919979216,-1.21,-0.04,2.76,0.11
P1/P3,GT Test,0.8095760233918129,-0.89,-0.03,3.01,0.14
P1/Average,GT Train,0.798908807482463,6.96,0.22,1.85,0.07
P1/Average,GT Test,0.8084795321637427,5.59,0.21,2.72,0.12
